Character,Species,Studies,Jobs,Versions,Costs,Rarities,Expansions,Events naming them,Card ids
Acorn,Squirrel,Commerce / Crafts / Agriculture,Stall Runner / Guild Broker / Trade Envoy / Coffee Cart / Nut Runner,5,0 / 1 / 2 / 3 / 5,Common / Uncommon / Super Rare / Rare,AF-HATS-01 / AF-NIGHT-01 / AF-STARTER-01,1,mh_acorn_0 ns_acorn_1 rr_acorn_1 rr_acorn_3 rr_acorn_2
Barley,Badger,Civics / Science / Lore,Town Recorder / Ledger Boy / Geologist / Warren Surveyor,4,1 / 2 / 3 / 4,Rare / Uncommon / Super Rare,AF-STARTER-01 / AF-NIGHT-01 / AF-HATS-01,0,rw_barley_1 ns_barley_2 mh_barley_3 rw_barley_2
Barnaby,Owl,Commerce,Night Auditor,1,4,Uncommon,AF-NIGHT-01,0,ns_mkt_barnaby
Barrow,Badger,Crafts,Stonecutter,1,5,Super Rare,AF-MARKET-02,0,mkt_barrow
Bean,Owl,Commerce,Café Proprietor / Barista / Espresso Puller,3,1 / 3 / 5,Uncommon / Rare,AF-NIGHT-01,1,ns_bean_1 ns_bean_3 ns_bean_5
Bram,Badger,Crafts,Journeyman Carter,1,4,Rare,AF-MARKET-02,0,mkt_bram
Bramble,Hedgehog,Civics / Crafts / Science,Guild Warden / Guild Apprentice Master / Master Joiner / Clockmaker / Tinker,5,0 / 1 / 2 / 4 / 5,Common / Uncommon / Rare,AF-STARTER-01 / AF-NIGHT-01 / AF-HATS-01,0,br_bramble_1 ns_bramble_1 br_bramble_3 br_bramble_2 mh_bramble_5
Bristle,Hedgehog,Civics,Gate Hedgehog,1,3,Uncommon,AF-MARKET-02,0,mkt_bristle
Brook,Otter,Crafts / Science / Lore / Commerce,Riverwright / Balloonist / Ferry Hand / Canal Pilot,4,1 / 2 / 4 / 5,Uncommon / Rare / Super Rare,AF-HATS-01 / AF-STARTER-01 / AF-NIGHT-01,0,mh_brook_1 rr_brook_1 ns_brook_4 rr_brook_2
Burr,Hedgehog,Crafts / Science / Agriculture,Whittler / Kite Tester / Cabinetmaker / Barn Sweeper,4,0 / 1 / 2 / 3,Common / Rare / Uncommon,AF-HATS-01 / AF-STARTER-01 / AF-NIGHT-01,0,mh_burr_0 br_burr_1 ns_burr_2 br_burr_2
Clover,Rabbit,Agriculture / Science / Commerce,Master Botanist / Community Gardener / Rocket Botanist / Seedling Helper / Market Gardener,5,0 / 2 / 3 / 4 / 5,Rare / Uncommon / Super Rare,AF-STARTER-01 / AF-HATS-01 / AF-NIGHT-01,2,bb_clover_1 mh_clover_2 bb_clover_2 ns_clover_4 bb_clover_3
Comet,Cat,Science / Crafts,Astronaut / Test Pilot / Rocket Mechanic,3,1 / 3 / 5,Uncommon / Super Rare,AF-NIGHT-01,2,ns_comet_1 ns_comet_3 ns_comet_5
Copper,Cat,Commerce / Civics,Scale Polisher / Weights Inspector / Market Steward / Arcade Merchant / Penny Counter,5,0 / 1 / 2 / 3 / 5,Uncommon / Rare,AF-NIGHT-01 / AF-WHISKER-01 / AF-HATS-01,0,ns_copper_0 ww_copper_1 mh_copper_2 ww_copper_2 ww_copper_3
Dabble,Otter,Commerce,River Pilot,1,3,Super Rare,AF-MARKET-02,0,mkt_dabble
Dill,Mouse,Lore / Civics / Science / Agriculture,Herbalist Surgeon / Apothecary / Research Chemist / Herb Girl,4,0 / 2 / 3 / 5,Common / Uncommon / Rare / Super Rare,AF-STARTER-01 / AF-NIGHT-01 / AF-HATS-01,0,bb_dill_1 ns_dill_2 bb_dill_2 mh_dill_5
Fern,Mouse,Agriculture / Lore / Science,Ecologist / Wildlife Warden / Forager / Field Recorder / Field Scientist,5,1 / 2 / 3 / 4 / 5,Uncommon / Rare,AF-NIGHT-01 / AF-STARTER-01 / AF-HATS-01,0,ns_fern_1 bb_fern_1 bb_fern_3 mh_fern_4 bb_fern_2
Flint,Fox,Commerce / Civics,Peddler / Trade Broker / Fair Warden / Auctioneer’s Boy,4,0 / 1 / 3 / 4,Common / Rare / Uncommon,AF-NIGHT-01 / AF-STARTER-01 / AF-HATS-01,0,ns_flint_0 pp_flint_1 mh_flint_3 pp_flint_2
Hazel,Raccoon,Commerce / Crafts,Merchant / Guildmaster / Market Vendor / Night Market Vendor / Barrow Girl,5,0 / 1 / 2 / 3 / 5,Common / Rare / Super Rare,AF-HATS-01 / AF-NIGHT-01 / AF-STARTER-01,1,mh_hazel_0 ns_hazel_1 pp_hazel_1 pp_hazel_3 pp_hazel_2
Hoot,Owl,Civics,Night Porter,1,2,Uncommon,AF-NIGHT-01,0,ns_mkt_hoot
Inkwell,Cat,Lore / Commerce / Science,Night Librarian / Ledger Scribe / Bookmark Keeper / Astronomer / Keeper of Stories,5,1 / 2 / 3 / 4 / 5,Uncommon / Rare / Super Rare,AF-WHISKER-01 / AF-HATS-01 / AF-NIGHT-01,2,ww_inkwell_1 mh_inkwell_2 ww_inkwell_2 ns_inkwell_4 ww_inkwell_3
Juniper,Fox,Civics / Science / Lore / Crafts,Diplomat / Messenger / Stargazer / Courier Captain / Border Warden,5,1 / 2 / 3 / 4 / 5,Rare / Uncommon,AF-STARTER-01 / AF-HATS-01 / AF-NIGHT-01,0,pp_juniper_1 pp_juniper_3 mh_juniper_3 pp_juniper_2 ns_juniper_5
Kestrel,Fox,Civics,City Fox,1,4,Uncommon,AF-MARKET-02,0,mkt_kestrel
Linnet,Rabbit,Crafts / Lore,Master Printer / Lending Librarian / Night Printer / Bookbinder,4,0 / 1 / 3 / 5,Uncommon / Rare / Super Rare,AF-NIGHT-01 / AF-WHISKER-01 / AF-HATS-01,0,ns_linnet_0 ww_linnet_1 mh_linnet_3 mh_linnet_5
Mabel,Mouse,Civics / Agriculture / Science,Seed Bank Director / Seed Bank Clerk / Horticulturist / Seed Vault Scientist / Seed Keeper,5,1 / 2 / 3 / 4 / 5,Uncommon / Rare,AF-STARTER-01 / AF-NIGHT-01 / AF-HATS-01,0,bb_mabel_1 bb_mabel_3 ns_mabel_3 bb_mabel_2 mh_mabel_5
Marlow,Raccoon,Civics / Lore,Registrar General / Lamplighter’s Clerk / Ward Clerk / Bylaw Reader,4,1 / 2 / 3 / 5,Common / Rare / Super Rare,AF-HATS-01 / AF-STARTER-01 / AF-NIGHT-01,1,mh_marlow_1 pp_marlow_1 ns_marlow_3 pp_marlow_2
Marmalade,Cat,Agriculture / Commerce,Dough Kneader / Harvest Head Baker / Market Baker / Neighborhood Baker / Night Baker,5,0 / 1 / 2 / 3 / 5,Common / Rare / Uncommon,AF-NIGHT-01 / AF-WHISKER-01 / AF-HATS-01,0,ns_marmalade_0 ww_marmalade_1 mh_marmalade_2 ww_marmalade_2 ww_marmalade_3
Mittens,Cat,Lore,Rooftop Cat,1,4,Rare,AF-MARKET-02,0,mkt_mittens
Mortar,Badger,Crafts / Science / Agriculture,Watermill Mechanic / Master Millwright / Steam Engineer / Grain Miller,4,1 / 3 / 4 / 5,Uncommon / Rare,AF-HATS-01 / AF-WHISKER-01 / AF-NIGHT-01,1,mh_mortar_1 ww_mortar_1 ns_mortar_4 mh_mortar_5
Moss,Badger,Crafts / Agriculture,Bridgewright / Guild Architect / Rocketwright / Toolsmith / Ploughwright,5,1 / 2 / 3 / 4 / 5,Uncommon / Rare / Super Rare,AF-HATS-01 / AF-STARTER-01 / AF-NIGHT-01,1,mh_moss_1 br_moss_1 br_moss_3 ns_moss_4 br_moss_2
Nib,Mouse,Lore / Science,Master Cartographer / Star Charter / Canal Cartographer / Ink Mixer,4,0 / 2 / 3 / 4,Common / Uncommon / Rare / Super Rare,AF-HATS-01 / AF-WHISKER-01 / AF-NIGHT-01,0,mh_nib_0 ww_nib_1 ns_nib_3 mh_nib_4
Nim,Squirrel,Lore / Civics,Page Runner / Reference Librarian / Chancellor of Records / Night Archivist,4,1 / 2 / 4 / 5,Rare / Uncommon,AF-STARTER-01 / AF-NIGHT-01 / AF-HATS-01,0,rr_nim_1 ns_nim_2 rr_nim_2 mh_nim_5
Nutmeg,Squirrel,Commerce / Agriculture,Festival Florist / Bouquet Weaver / Night-Bloom Florist / Petal Sweeper,4,0 / 2 / 3 / 4,Common / Rare / Uncommon,AF-HATS-01 / AF-WHISKER-01 / AF-NIGHT-01,0,mh_nutmeg_0 ww_nutmeg_1 ns_nutmeg_3 mh_nutmeg_4
Oakley,Badger,Crafts / Civics / Science / Lore,Stonemason / Town Planner / Bridge Engineer / Boundary Surveyor,4,2 / 3 / 4 / 5,Rare / Uncommon,AF-STARTER-01 / AF-HATS-01 / AF-NIGHT-01,0,br_oakley_1 mh_oakley_3 ns_oakley_4 br_oakley_2
Patch,Raccoon,Civics / Commerce / Crafts / Science,Town Auditor / Guild Investigator / Salvage Foreman / Junkyard Inventor / Recycling Scout,5,0 / 2 / 3 / 4 / 5,Uncommon / Rare,AF-STARTER-01 / AF-NIGHT-01 / AF-HATS-01,1,pp_patch_1 ns_patch_2 pp_patch_2 mh_patch_4 pp_patch_3
Pebble,Otter,Civics / Commerce,Harbour Warden / Ferry Master / Night Ferry / Bridge Courier,4,0 / 1 / 3 / 5,Uncommon / Rare,AF-NIGHT-01 / AF-WHISKER-01 / AF-HATS-01,0,ns_pebble_0 ww_pebble_1 mh_pebble_3 mh_pebble_5
Pip,Squirrel,Lore / Commerce / Science,Chief Archivist / Travelling Storyteller / Natural Philosopher / Archivist / Story Collector,5,0 / 2 / 3 / 4 / 5,Uncommon / Rare / Super Rare,AF-STARTER-01 / AF-HATS-01 / AF-NIGHT-01,1,rr_pip_1 mh_pip_2 rr_pip_2 ns_pip_4 rr_pip_3
Pippa,Cat,Science / Agriculture,Moon Gardener / Conservatory Keeper / Herb Cook / Glasshouse Curator / Potting Helper,5,0 / 2 / 3 / 4 / 5,Uncommon / Super Rare,AF-WHISKER-01 / AF-HATS-01 / AF-NIGHT-01,0,ww_pippa_1 ww_pippa_2 mh_pippa_3 ww_pippa_3 ns_pippa_5
Pockets,Raccoon,Commerce,Salvage Raccoon,1,4,Rare,AF-MARKET-02,0,mkt_pockets
Poppy,Rabbit,Commerce / Civics,Mail Coach Driver / Civic Planner / Ward Alderman / Night Mail / Postmaster,5,1 / 2 / 3 / 4 / 5,Uncommon,AF-STARTER-01 / AF-NIGHT-01 / AF-HATS-01,1,bb_poppy_1 ns_poppy_2 bb_poppy_3 mh_poppy_4 bb_poppy_2
Quill,Mouse,Lore / Agriculture,Town Scrivener / Harvest Steward / Orchard Keeper / Orchard Scribe / Seed Vault Keeper / Night Gardener,6,0 / 2 / 3 / 3 / 4 / 5,Common / Rare / Uncommon / Super Rare,AF-NIGHT-01 / AF-STARTER-01 / AF-MARKET-02 / AF-HATS-01,0,ns_quill_0 br_quill_1 br_quill_3 mkt_quill mh_quill_4 br_quill_2
Rowan,Fox,Civics / Commerce / Crafts,Ombudsperson / Records Clerk / Locksmith / Circuit Judge / Night Magistrate,5,1 / 2 / 3 / 4 / 5,Common / Uncommon,AF-NIGHT-01 / AF-STARTER-01 / AF-HATS-01,0,ns_rowan_1 pp_rowan_1 mh_rowan_3 pp_rowan_3 pp_rowan_2
Russet,Fox,Commerce / Civics,Coffee Roaster / Tea House Keeper / Tea Trader / Tea Boy,4,0 / 2 / 3 / 4,Common / Uncommon / Rare,AF-HATS-01 / AF-WHISKER-01 / AF-NIGHT-01,0,mh_russet_0 ww_russet_1 ns_russet_3 mh_russet_4
Sage,Owl,Science,Royal Astronomer / Astronomer / Telescope Polisher,3,0 / 3 / 5,Common / Uncommon / Super Rare,AF-NIGHT-01,1,ns_sage_0 ns_sage_3 ns_sage_5
Sorrel,Rabbit,Agriculture / Civics,Night Harvester / Sprout Tender / Harvest Caller / Row Boss,4,1 / 2 / 3 / 4,Rare / Uncommon,AF-STARTER-01 / AF-HATS-01 / AF-NIGHT-01,0,bb_sorrel_1 mh_sorrel_2 ns_sorrel_3 bb_sorrel_2
Tansy,Otter,Civics / Lore / Crafts,Town Historian / Lamplighter / Loremaster / Lantern Maker / Observatory Keeper,5,0 / 2 / 3 / 4 / 5,Common / Super Rare / Rare,AF-NIGHT-01 / AF-STARTER-01 / AF-HATS-01,0,ns_tansy_0 rr_tansy_1 rr_tansy_3 mh_tansy_4 rr_tansy_2
Tawny,Owl,Lore / Civics,Headmistress / Night School Teacher / Night Watch,3,1 / 2 / 4,Uncommon / Rare,AF-NIGHT-01,1,ns_tawny_1 ns_tawny_2 ns_tawny_4
Thimble,Rabbit,Agriculture / Crafts / Commerce / Science,Warren Runner / Quilt Maker / Master of Mending / Sailmaker / Spacesuit Seamstress / Thread Sorter,6,0 / 1 / 2 / 2 / 3 / 4,Common / Uncommon / Super Rare / Rare,AF-WHISKER-01 / AF-NIGHT-01 / AF-MARKET-02 / AF-HATS-01,0,ww_thimble_1 ns_thimble_1 mkt_thimble ww_thimble_2 mh_thimble_3 ww_thimble_3
Thistle,Badger,Agriculture / Lore / Civics,Grange Elder / Almanac Keeper / Grange Warden / Field Surveyor / Field Hand,5,1 / 2 / 3 / 4 / 5,Uncommon / Common / Super Rare,AF-NIGHT-01 / AF-STARTER-01 / AF-HATS-01,1,ns_thistle_1 br_thistle_1 br_thistle_2 mh_thistle_4 br_thistle_3
Tuppence,Squirrel,Commerce,Market Squirrel,1,3,Rare,AF-MARKET-02,0,mkt_tuppence
Velvet,Cat,Civics / Lore / Science,Petition Runner / Notary / Registrar of Stars / Guild Speaker / Neighborhood Registrar,5,1 / 2 / 3 / 4 / 5,Rare / Uncommon,AF-WHISKER-01 / AF-HATS-01 / AF-NIGHT-01,1,ww_velvet_1 mh_velvet_2 ww_velvet_2 ns_velvet_4 ww_velvet_3
Vesper,Fox,Science / Lore / Commerce,Weather Watcher / Keeper of Tales / Moonlight Trader / Night Courier,4,1 / 2 / 3 / 4,Common / Uncommon,AF-STARTER-01 / AF-NIGHT-01 / AF-HATS-01,1,ll_vesper_1 ns_vesper_2 mh_vesper_3 ll_vesper_2
Willow,Otter,Civics / Science / Commerce,Harbour Admiral / Tide Reckoner / Toll Keeper / Harbourmaster / Ferry Trader,5,1 / 2 / 3 / 4 / 5,Uncommon / Rare / Super Rare,AF-STARTER-01 / AF-NIGHT-01 / AF-HATS-01,0,rr_willow_1 rr_willow_3 ns_willow_3 rr_willow_2 mh_willow_5
